hex,descriptive_name,comment
F800,Font Version Indicator,
FCA00,Domino Suit Zero,
FCA01,Domino Suit One,
FCA02,Domino Suit Two,
FCA03,Domino Suit Three,
FCA04,Domino Suit Four,
FCA05,Domino Suit Five,
FCA06,Domino Suit Six,
FCA07,Domino Suit Seven,
FCA08,Domino Suit Eight,
FCA09,Domino Suit Nine,
FCA0A,Domino Suit Ten,
FCA0B,Domino Suit Eleven,
FCA0C,Domino Suit Twelve,
FCA0D,Domino Suit Thirteen,
FCA0E,Domino Suit Fourteen,
FCA0F,Domino Suit Fifteen,
FCA10,Domino Suit Sixteen,
FCA11,Domino Suit Seventeen,
FCA12,Domino Suit Eighteen,
FCA13,Domino Suit Zero Rotated Ninety Degrees,
FCA14,Domino Suit One Rotated Ninety Degrees,
FCA15,Domino Suit Two Rotated Ninety Degrees,
FCA16,Domino Suit Three Rotated Ninety Degrees,
FCA17,Domino Suit Four Rotated Ninety Degrees,
FCA18,Domino Suit Five Rotated Ninety Degrees,
FCA19,Domino Suit Six Rotated Ninety Degrees,
FCA1A,Domino Suit Seven Rotated Ninety Degrees,
FCA1B,Domino Suit Eight Rotated Ninety Degrees,
FCA1C,Domino Suit Nine Rotated Ninety Degrees,
FCA1D,Domino Suit Ten Rotated Ninety Degrees,
FCA1E,Domino Suit Eleven Rotated Ninety Degrees,
FCA1F,Domino Suit Twelve Rotated Ninety Degrees,
FCA20,Domino Suit Thirteen Rotated Ninety Degrees,
FCA21,Domino Suit Fourteen Rotated Ninety Degrees,
FCA22,Domino Suit Fifteen Rotated Ninety Degrees,
FCA23,Domino Suit Sixteen Rotated Ninety Degrees,
FCA24,Domino Suit Seventeen Rotated Ninety Degrees,
FCA25,Domino Suit Eighteen Rotated Ninety Degrees,
FCA26,Domino Suit Turned Zero,
FCA27,Domino Suit Turned One,
FCA28,Domino Suit Turned Two,
FCA29,Domino Suit Turned Three,
FCA2A,Domino Suit Turned Four,
FCA2B,Domino Suit Turned Five,
FCA2C,Domino Suit Turned Six,
FCA2D,Domino Suit Turned Seven,
FCA2E,Domino Suit Turned Eight,
FCA2F,Domino Suit Turned Nine,
FCA30,Domino Suit Turned Ten,
FCA31,Domino Suit Turned Eleven,
FCA32,Domino Suit Turned Twelve,
FCA33,Domino Suit Turned Thirteen,
FCA34,Domino Suit Turned Fourteen,
FCA35,Domino Suit Turned Fifteen,
FCA36,Domino Suit Turned Sixteen,
FCA37,Domino Suit Turned Seventeen,
FCA38,Domino Suit Turned Eighteen,
FCA39,Domino Suit Zero Rotated 270 Degrees,
FCA3A,Domino Suit One Rotated 270 Degrees,
FCA3B,Domino Suit Two Rotated 270 Degrees,
FCA3C,Domino Suit Three Rotated 270 Degrees,
FCA3D,Domino Suit Four Rotated 270 Degrees,
FCA3E,Domino Suit Five Rotated 270 Degrees,
FCA3F,Domino Suit Six Rotated 270 Degrees,
FCA40,Domino Suit Seven Rotated 270 Degrees,
FCA41,Domino Suit Eight Rotated 270 Degrees,
FCA42,Domino Suit Nine Rotated 270 Degrees,
FCA43,Domino Suit Ten Rotated 270 Degrees,
FCA44,Domino Suit Eleven Rotated 270 Degrees,
FCA45,Domino Suit Twelve Rotated 270 Degrees,
FCA46,Domino Suit Thirteen Rotated 270 Degrees,
FCA47,Domino Suit Fourteen Rotated 270 Degrees,
FCA48,Domino Suit Fifteen Rotated 270 Degrees,
FCA49,Domino Suit Sixteen Rotated 270 Degrees,
FCA4A,Domino Suit Seventeen Rotated 270 Degrees,
FCA4B,Domino Suit Eighteen Rotated 270 Degrees,
FCA4C,Inverted Domino Suit Zero,
FCA4D,Inverted Domino Suit One,
FCA4E,Inverted Domino Suit Two,
FCA4F,Inverted Domino Suit Three,
FCA50,Inverted Domino Suit Four,
FCA51,Inverted Domino Suit Five,
FCA52,Inverted Domino Suit Six,
FCA53,Inverted Domino Suit Seven,
FCA54,Inverted Domino Suit Eight,
FCA55,Inverted Domino Suit Nine,
FCA56,Inverted Domino Suit Ten,
FCA57,Inverted Domino Suit Eleven,
FCA58,Inverted Domino Suit Twelve,
FCA59,Inverted Domino Suit Thirteen,
FCA5A,Inverted Domino Suit Fourteen,
FCA5B,Inverted Domino Suit Fifteen,
FCA5C,Inverted Domino Suit Sixteen,
FCA5D,Inverted Domino Suit Seventeen,
FCA5E,Inverted Domino Suit Eighteen,
FCA5F,Inverted Domino Suit Zero Rotated Ninety Degrees,
FCA60,Inverted Domino Suit One Rotated Ninety Degrees,
FCA61,Inverted Domino Suit Two Rotated Ninety Degrees,
FCA62,Inverted Domino Suit Three Rotated Ninety Degrees,
FCA63,Inverted Domino Suit Four Rotated Ninety Degrees,
FCA64,Inverted Domino Suit Five Rotated Ninety Degrees,
FCA65,Inverted Domino Suit Six Rotated Ninety Degrees,
FCA66,Inverted Domino Suit Seven Rotated Ninety Degrees,
FCA67,Inverted Domino Suit Eight Rotated Ninety Degrees,
FCA68,Inverted Domino Suit Nine Rotated Ninety Degrees,
FCA69,Inverted Domino Suit Ten Rotated Ninety Degrees,
FCA6A,Inverted Domino Suit Eleven Rotated Ninety Degrees,
FCA6B,Inverted Domino Suit Twelve Rotated Ninety Degrees,
FCA6C,Inverted Domino Suit Thirteen Rotated Ninety Degrees,
FCA6D,Inverted Domino Suit Fourteen Rotated Ninety Degrees,
FCA6E,Inverted Domino Suit Fifteen Rotated Ninety Degrees,
FCA6F,Inverted Domino Suit Sixteen Rotated Ninety Degrees,
FCA70,Inverted Domino Suit Seventeen Rotated Ninety Degrees,
FCA71,Inverted Domino Suit Eighteen Rotated Ninety Degrees,
FCA72,Inverted Domino Suit Turned Zero,
FCA73,Inverted Domino Suit Turned One, 
FCA74,Inverted Domino Suit Turned Two, 
FCA75,Inverted Domino Suit Turned Three,
FCA76,Inverted Domino Suit Turned Four,
FCA77,Inverted Domino Suit Turned Five,
FCA78,Inverted Domino Suit Turned Six,
FCA79,Inverted Domino Suit Turned Seven,
FCA7A,Inverted Domino Suit Turned Eight,
FCA7B,Inverted Domino Suit Turned Nine,
FCA7C,Inverted Domino Suit Turned Ten,
FCA7D,Inverted Domino Suit Turned Eleven, 
FCA7E,Inverted Domino Suit Turned Twelve, 
FCA7F,Inverted Domino Suit Turned Thirteen,
FCA80,Inverted Domino Suit Turned Fourteen,
FCA81,Inverted Domino Suit Turned Fifteen,
FCA82,Inverted Domino Suit Turned Sixteen,
FCA83,Inverted Domino Suit Turned Seventeen,
FCA84,Inverted Domino Suit Turned Eighteen,
FCA85,Inverted Domino Suit Zero Rotated 270 Degrees,
FCA86,Inverted Domino Suit One Rotated 270 Degrees,
FCA87,Inverted Domino Suit Two Rotated 270 Degrees,
FCA88,Inverted Domino Suit Three Rotated 270 Degrees,
FCA89,Inverted Domino Suit Four Rotated 270 Degrees,
FCA8A,Inverted Domino Suit Five Rotated 270 Degrees,
FCA8B,Inverted Domino Suit Six Rotated 270 Degrees,
FCA8C,Inverted Domino Suit Seven Rotated 270 Degrees,
FCA8D,Inverted Domino Suit Eight Rotated 270 Degrees,
FCA8E,Inverted Domino Suit Nine Rotated 270 Degrees,
FCA8F,Inverted Domino Suit Ten Rotated 270 Degrees,
FCA90,Inverted Domino Suit Eleven Rotated 270 Degrees,
FCA91,Inverted Domino Suit Twelve Rotated 270 Degrees,
FCA92,Inverted Domino Suit Thirteen Rotated 270 Degrees,
FCA93,Inverted Domino Suit Fourteen Rotated 270 Degrees,
FCA94,Inverted Domino Suit Fifteen Rotated 270 Degrees,
FCA95,Inverted Domino Suit Sixteen Rotated 270 Degrees,
FCA96,Inverted Domino Suit Seventeen Rotated 270 Degrees,
FCA97,Inverted Domino Suit Eighteen Rotated 270 Degrees,
FCB00,Black Sun Suit,
FCB01,Black Moon Suit,
FCB02,Black Crown Suit,
FCB03,Black Arm Suit,
FCB04,Black Sun Suit Rotated Ninety Degrees,
FCB05,Black Moon Suit Rotated Ninety Degrees,
FCB06,Black Crown Suit Rotated Ninety Degrees,
FCB07,Black Arm Suit Rotated Ninety Degrees,
FCB08,Black Turned Sun Suit,
FCB09,Black Turned Moon Suit,
FCB0A,Black Turned Crown Suit,
FCB0B,Black Turned Arm Suit,
FCB0C,Black Sun Suit Rotated 270 Degrees,
FCB0D,Black Moon Suit Rotated 270 Degrees,
FCB0E,Black Crown Suit Rotated 270 Degrees,
FCB0F,Black Arm Suit Rotated 270 Degrees,
FCB10,White Sun Suit,
FCB11,White Moon Suit,
FCB12,White Crown Suit,
FCB13,White Arm Suit,
FCB14,White Sun Suit Rotated Ninety Degrees,
FCB15,White Moon Suit Rotated Ninety Degrees,
FCB16,White Crown Suit Rotated Ninety Degrees,
FCB17,White Arm Suit Rotated Ninety Degrees,
FCB18,White Turned Sun Suit,
FCB19,White Turned Moon Suit,
FCB1A,White Turned Crown Suit,
FCB1B,White Turned Arm Suit,
FCB1C,White Sun Suit Rotated 270 Degrees,
FCB1D,White Moon Suit Rotated 270 Degrees,
FCB1E,White Crown Suit Rotated 270 Degrees,
FCB1F,White Arm Suit Rotated 270 Degrees,
FCB20,Black Heart Suit,
FCB21,Black Spade Suit,
FCB22,Black Club Suit,
FCB23,Black Diamond Suit,
FCB24,Black Heart Suit Rotated Ninety Degrees,
FCB25,Black Spade Suit Rotated Ninety Degrees,
FCB26,Black Club Suit Rotated Ninety Degrees,
FCB27,Black Diamond Suit Rotated Ninety Degrees,
FCB28,Black Turned Heart Suit,
FCB29,Black Turned Spade Suit,
FCB2A,Black Turned Club Suit,
FCB2B,Black Turned Diamond Suit,
FCB2C,Black Heart Suit Rotated 270 Degrees,
FCB2D,Black Spade Suit Rotated 270 Degrees,
FCB2E,Black Club Suit Rotated 270 Degrees,
FCB2F,Black Diamond Suit Rotated 270 Degrees,
FCB30,White Heart Suit,
FCB31,White Spade Suit,
FCB32,White Club Suit,
FCB33,White Diamond Suit,
FCB34,White Heart Suit Rotated Ninety Degrees,
FCB35,White Spade Suit Rotated Ninety Degrees,
FCB36,White Club Suit Rotated Ninety Degrees,
FCB37,White Diamond Suit Rotated Ninety Degrees,
FCB38,White Turned Heart Suit,
FCB39,White Turned Spade Suit,
FCB3A,White Turned Club Suit,
FCB3B,White Turned Diamond Suit,
FCB3C,White Heart Suit Rotated 270 Degrees,
FCB3D,White Spade Suit Rotated 270 Degrees,
FCB3E,White Club Suit Rotated 270 Degrees,
FCB3F,White Diamond Suit Rotated 270 Degrees,
FCB40,Summer Suit,
FCB41,Winter Suit,
FCB42,Fall Suit,
FCB43,Spring Suit,
FCB44,Summer Suit Rotated Ninety Degrees,
FCB45,Winter Suit Rotated Ninety Degrees,
FCB46,Fall Suit Rotated Ninety Degrees,
FCB47,Spring Suit Rotated Ninety Degrees,
FCB48,Turned Summer Suit,
FCB49,Turned Winter Suit,
FCB4A,Turned Fall Suit,
FCB4B,Turned Spring Suit,
FCB4C,Summer Suit Rotated 270 Degrees,
FCB4D,Winter Suit Rotated 270 Degrees,
FCB4E,Fall Suit Rotated 270 Degrees,
FCB4F,Spring Suit Rotated 270 Degrees,
FCB50,Null Rank,
FCB51,Ace Rank,
FCB52,Two Rank,
FCB53,Three Rank,
FCB54,Four Rank,
FCB55,Five Rank,
FCB56,Six Rank,
FCB57,Seven Rank,
FCB58,Eight Rank,
FCB59,Nine Rank,
FCB5A,Ten Rank,
FCB5B,Eleven Rank,
FCB5C,Null Rank Rotated Ninety Degrees,
FCB5D,Ace Rank Rotated Ninety Degrees,
FCB5E,Two Rank Rotated Ninety Degrees,
FCB5F,Three Rank Rotated Ninety Degrees,
FCB60,Four Rank Rotated Ninety Degrees,
FCB61,Five Rank Rotated Ninety Degrees,
FCB62,Six Rank Rotated Ninety Degrees,
FCB63,Seven Rank Rotated Ninety Degrees,
FCB64,Eight Rank Rotated Ninety Degrees,
FCB65,Nine Rank Rotated Ninety Degrees,
FCB66,Ten Rank Rotated Ninety Degrees,
FCB67,Eleven Rank Rotated Ninety Degrees,
FCB68,Turned Null Rank,
FCB69,Turned Ace Rank,
FCB6A,Turned Two Rank,
FCB6B,Turned Three Rank,
FCB6C,Turned Four Rank,
FCB6D,Turned Five Rank,
FCB6E,Turned Six Rank,
FCB6F,Turned Seven Rank,
FCB70,Turned Eight Rank,
FCB71,Turned Nine Rank,
FCB72,Turned Ten Rank,
FCB73,Turned Eleven Rank,
FCB74,Null Rank Rotated 270 Degrees,
FCB75,Ace Rank Rotated 270 Degrees,
FCB76,Two Rank Rotated 270 Degrees,
FCB77,Three Rank Rotated 270 Degrees,
FCB78,Four Rank Rotated 270 Degrees,
FCB79,Five Rank Rotated 270 Degrees,
FCB7A,Six Rank Rotated 270 Degrees,
FCB7B,Seven Rank Rotated 270 Degrees,
FCB7C,Eight Rank Rotated 270 Degrees,
FCB7D,Nine Rank Rotated 270 Degrees,
FCB7E,Ten Rank Rotated 270 Degrees,
FCB7F,Eleven Rank Rotated 270 Degrees,
FCB80,Inverted Black Sun Suit,
FCB81,Inverted Black Moon Suit,
FCB82,Inverted Black Crown Suit,
FCB83,Inverted Black Arm Suit,
FCB84,Inverted Black Sun Suit Rotated Ninety Degrees,
FCB85,Inverted Black Moon Suit Rotated Ninety Degrees,
FCB86,Inverted Black Crown Suit Rotated Ninety Degrees,
FCB87,Inverted Black Arm Suit Rotated Ninety Degrees,
FCB88,Inverted Black Turned Sun Suit,
FCB89,Inverted Black Turned Moon Suit,
FCB8A,Inverted Black Turned Crown Suit,
FCB8B,Inverted Black Turned Arm Suit,
FCB8C,Inverted Black Sun Suit Rotated 270 Degrees,
FCB8D,Inverted Black Moon Suit Rotated 270 Degrees,
FCB8E,Inverted Black Crown Suit Rotated 270 Degrees,
FCB8F,Inverted Black Arm Suit Rotated 270 Degrees,
FCB90,Inverted White Sun Suit,
FCB91,Inverted White Moon Suit,
FCB92,Inverted White Crown Suit,
FCB93,Inverted White Arm Suit,
FCB94,Inverted White Sun Suit Rotated Ninety Degrees,
FCB95,Inverted White Moon Suit Rotated Ninety Degrees,
FCB96,Inverted White Crown Suit Rotated Ninety Degrees,
FCB97,Inverted White Arm Suit Rotated Ninety Degrees,
FCB98,Inverted White Turned Sun Suit,
FCB99,Inverted White Turned Moon Suit,
FCB9A,Inverted White Turned Crown Suit,
FCB9B,Inverted White Turned Arm Suit,
FCB9C,Inverted White Sun Suit Rotated 270 Degrees,
FCB9D,Inverted White Moon Suit Rotated 270 Degrees,
FCB9E,Inverted White Crown Suit Rotated 270 Degrees,
FCB9F,Inverted White Arm Suit Rotated 270 Degrees,
FCBA0,Inverted Black Heart Suit,
FCBA1,Inverted Black Spade Suit,
FCBA2,Inverted Black Club Suit,
FCBA3,Inverted Black Diamond Suit,
FCBA4,Inverted Black Heart Suit Rotated Ninety Degrees,
FCBA5,Inverted Black Spade Suit Rotated Ninety Degrees,
FCBA6,Inverted Black Club Suit Rotated Ninety Degrees,
FCBA7,Inverted Black Diamond Suit Rotated Ninety Degrees,
FCBA8,Inverted Black Turned Heart Suit,
FCBA9,Inverted Black Turned Spade Suit,
FCBAA,Inverted Black Turned Club Suit,
FCBAB,Inverted Black Turned Diamond Suit,
FCBAC,Inverted Black Heart Suit Rotated 270 Degrees,
FCBAD,Inverted Black Spade Suit Rotated 270 Degrees,
FCBAE,Inverted Black Club Suit Rotated 270 Degrees,
FCBAF,Inverted Black Diamond Suit Rotated 270 Degrees,
FCBB0,Inverted White Heart Suit,
FCBB1,Inverted White Spade Suit,
FCBB2,Inverted White Club Suit,
FCBB3,Inverted White Diamond Suit,
FCBB4,Inverted White Heart Suit Rotated Ninety Degrees,
FCBB5,Inverted White Spade Suit Rotated Ninety Degrees,
FCBB6,Inverted White Club Suit Rotated Ninety Degrees,
FCBB7,Inverted White Diamond Suit Rotated Ninety Degrees,
FCBB8,Inverted White Turned Heart Suit,
FCBB9,Inverted White Turned Spade Suit,
FCBBA,Inverted White Turned Club Suit,
FCBBB,Inverted White Turned Diamond Suit,
FCBBC,Inverted White Heart Suit Rotated 270 Degrees,
FCBBD,Inverted White Spade Suit Rotated 270 Degrees,
FCBBE,Inverted White Club Suit Rotated 270 Degrees,
FCBBF,Inverted White Diamond Suit Rotated 270 Degrees,
FCBC0,Inverted Summer Suit,
FCBC1,Inverted Winter Suit,
FCBC2,Inverted Fall Suit,
FCBC3,Inverted Spring Suit,
FCBC4,Inverted Summer Suit Rotated Ninety Degrees,
FCBC5,Inverted Winter Suit Rotated Ninety Degrees,
FCBC6,Inverted Fall Suit Rotated Ninety Degrees,
FCBC7,Inverted Spring Suit Rotated Ninety Degrees,
FCBC8,Inverted Turned Summer Suit,
FCBC9,Inverted Turned Winter Suit,
FCBCA,Inverted Turned Fall Suit,
FCBCB,Inverted Turned Spring Suit,
FCBCC,Inverted Summer Suit Rotated 270 Degrees,
FCBCD,Inverted Winter Suit Rotated 270 Degrees,
FCBCE,Inverted Fall Suit Rotated 270 Degrees,
FCBCF,Inverted Spring Suit Rotated 270 Degrees,
FCBD0,Inverted Null Rank,
FCBD1,Inverted Ace Rank,
FCBD2,Inverted Two Rank,
FCBD3,Inverted Three Rank,
FCBD4,Inverted Four Rank,
FCBD5,Inverted Five Rank,
FCBD6,Inverted Six Rank,
FCBD7,Inverted Seven Rank,
FCBD8,Inverted Eight Rank,
FCBD9,Inverted Nine Rank,
FCBDA,Inverted Ten Rank,
FCBDB,Inverted Eleven Rank,
FCBDC,Inverted Null Rank Rotated Ninety Degrees,
FCBDD,Inverted Ace Rank Rotated Ninety Degrees,
FCBDE,Inverted Two Rank Rotated Ninety Degrees,
FCBDF,Inverted Three Rank Rotated Ninety Degrees,
FCBE0,Inverted Four Rank Rotated Ninety Degrees,
FCBE1,Inverted Five Rank Rotated Ninety Degrees,
FCBE2,Inverted Six Rank Rotated Ninety Degrees,
FCBE3,Inverted Seven Rank Rotated Ninety Degrees,
FCBE4,Inverted Eight Rank Rotated Ninety Degrees,
FCBE5,Inverted Nine Rank Rotated Ninety Degrees,
FCBE6,Inverted Ten Rank Rotated Ninety Degrees,
FCBE7,Inverted Eleven Rank Rotated Ninety Degrees,
FCBE8,Inverted Turned Null Rank,
FCBE9,Inverted Turned Ace Rank,
FCBEA,Inverted Turned Two Rank,
FCBEB,Inverted Turned Three Rank,
FCBEC,Inverted Turned Four Rank,
FCBED,Inverted Turned Five Rank,
FCBEE,Inverted Turned Six Rank,
FCBEF,Inverted Turned Seven Rank,
FCBF0,Inverted Turned Eight Rank,
FCBF1,Inverted Turned Nine Rank,
FCBF2,Inverted Turned Ten Rank,
FCBF3,Inverted Turned Eleven Rank,
FCBF4,Inverted Null Rank Rotated 270 Degrees,
FCBF5,Inverted Ace Rank Rotated 270 Degrees,
FCBF6,Inverted Two Rank Rotated 270 Degrees,
FCBF7,Inverted Three Rank Rotated 270 Degrees,
FCBF8,Inverted Four Rank Rotated 270 Degrees,
FCBF9,Inverted Five Rank Rotated 270 Degrees,
FCBFA,Inverted Six Rank Rotated 270 Degrees,
FCBFB,Inverted Seven Rank Rotated 270 Degrees,
FCBFC,Inverted Eight Rank Rotated 270 Degrees,
FCBFD,Inverted Nine Rank Rotated 270 Degrees,
FCBFE,Inverted Ten Rank Rotated 270 Degrees,
FCBFF,Inverted Eleven Rank Rotated 270 Degrees,
FCC00,Small Black Sun Suit,
FCC01,Small Black Moon Suit,
FCC02,Small Black Crown Suit,
FCC03,Small Black Arm Suit,
FCC04,Small Black Sun Suit Rotated Ninety Degrees,
FCC05,Small Black Moon Suit Rotated Ninety Degrees,
FCC06,Small Black Crown Suit Rotated Ninety Degrees,
FCC07,Small Black Arm Suit Rotated Ninety Degrees,
FCC08,Small Black Turned Sun Suit,
FCC09,Small Black Turned Moon Suit,
FCC0A,Small Black Turned Crown Suit,
FCC0B,Small Black Turned Arm Suit,
FCC0C,Small Black Sun Suit Rotated 270 Degrees,
FCC0D,Small Black Moon Suit Rotated 270 Degrees,
FCC0E,Small Black Crown Suit Rotated 270 Degrees,
FCC0F,Small Black Arm Suit Rotated 270 Degrees,
FCC10,Small White Sun Suit,
FCC11,Small White Moon Suit,
FCC12,Small White Crown Suit,
FCC13,Small White Arm Suit,
FCC14,Small White Sun Suit Rotated Ninety Degrees,
FCC15,Small White Moon Suit Rotated Ninety Degrees,
FCC16,Small White Crown Suit Rotated Ninety Degrees,
FCC17,Small White Arm Suit Rotated Ninety Degrees,
FCC18,Small White Turned Sun Suit,
FCC19,Small White Turned Moon Suit,
FCC1A,Small White Turned Crown Suit,
FCC1B,Small White Turned Arm Suit,
FCC1C,Small White Sun Suit Rotated 270 Degrees,
FCC1D,Small White Moon Suit Rotated 270 Degrees,
FCC1E,Small White Crown Suit Rotated 270 Degrees,
FCC1F,Small White Arm Suit Rotated 270 Degrees,
FCC20,Small Black Heart Suit,
FCC21,Small Black Spade Suit,
FCC22,Small Black Club Suit,
FCC23,Small Black Diamond Suit,
FCC24,Small Black Heart Suit Rotated Ninety Degrees,
FCC25,Small Black Spade Suit Rotated Ninety Degrees,
FCC26,Small Black Club Suit Rotated Ninety Degrees,
FCC27,Small Black Diamond Suit Rotated Ninety Degrees,
FCC28,Small Black Turned Heart Suit,
FCC29,Small Black Turned Spade Suit,
FCC2A,Small Black Turned Club Suit,
FCC2B,Small Black Turned Diamond Suit,
FCC2C,Small Black Heart Suit Rotated 270 Degrees,
FCC2D,Small Black Spade Suit Rotated 270 Degrees,
FCC2E,Small Black Club Suit Rotated 270 Degrees,
FCC2F,Small Black Diamond Suit Rotated 270 Degrees,
FCC30,Small White Heart Suit,
FCC31,Small White Spade Suit,
FCC32,Small White Club Suit,
FCC33,Small White Diamond Suit,
FCC34,Small White Heart Suit Rotated Ninety Degrees,
FCC35,Small White Spade Suit Rotated Ninety Degrees,
FCC36,Small White Club Suit Rotated Ninety Degrees,
FCC37,Small White Diamond Suit Rotated Ninety Degrees,
FCC38,Small White Turned Heart Suit,
FCC39,Small White Turned Spade Suit,
FCC3A,Small White Turned Club Suit,
FCC3B,Small White Turned Diamond Suit,
FCC3C,Small White Heart Suit Rotated 270 Degrees,
FCC3D,Small White Spade Suit Rotated 270 Degrees,
FCC3E,Small White Club Suit Rotated 270 Degrees,
FCC3F,Small White Diamond Suit Rotated 270 Degrees,
FCC40,Small Summer Suit,
FCC41,Small Winter Suit,
FCC42,Small Fall Suit,
FCC43,Small Spring Suit,
FCC44,Small Summer Suit Rotated Ninety Degrees,
FCC45,Small Winter Suit Rotated Ninety Degrees,
FCC46,Small Fall Suit Rotated Ninety Degrees,
FCC47,Small Spring Suit Rotated Ninety Degrees,
FCC48,Small Turned Summer Suit,
FCC49,Small Turned Winter Suit,
FCC4A,Small Turned Fall Suit,
FCC4B,Small Turned Spring Suit,
FCC4C,Small Summer Suit Rotated 270 Degrees,
FCC4D,Small Winter Suit Rotated 270 Degrees,
FCC4E,Small Fall Suit Rotated 270 Degrees,
FCC4F,Small Spring Suit Rotated 270 Degrees,
FCC50,Small Null Rank,
FCC51,Small Ace Rank,
FCC52,Small Two Rank,
FCC53,Small Three Rank,
FCC54,Small Four Rank,
FCC55,Small Five Rank,
FCC56,Small Six Rank,
FCC57,Small Seven Rank,
FCC58,Small Eight Rank,
FCC59,Small Nine Rank,
FCC5A,Small Ten Rank,
FCC5B,Small Eleven Rank,
FCC5C,Small Null Rank Rotated Ninety Degrees,
FCC5D,Small Ace Rank Rotated Ninety Degrees,
FCC5E,Small Two Rank Rotated Ninety Degrees,
FCC5F,Small Three Rank Rotated Ninety Degrees,
FCC60,Small Four Rank Rotated Ninety Degrees,
FCC61,Small Five Rank Rotated Ninety Degrees,
FCC62,Small Six Rank Rotated Ninety Degrees,
FCC63,Small Seven Rank Rotated Ninety Degrees,
FCC64,Small Eight Rank Rotated Ninety Degrees,
FCC65,Small Nine Rank Rotated Ninety Degrees,
FCC66,Small Ten Rank Rotated Ninety Degrees,
FCC67,Small Eleven Rank Rotated Ninety Degrees,
FCC68,Small Turned Null Rank,
FCC69,Small Turned Ace Rank,
FCC6A,Small Turned Two Rank,
FCC6B,Small Turned Three Rank,
FCC6C,Small Turned Four Rank,
FCC6D,Small Turned Five Rank,
FCC6E,Small Turned Six Rank,
FCC6F,Small Turned Seven Rank,
FCC70,Small Turned Eight Rank,
FCC71,Small Turned Nine Rank,
FCC72,Small Turned Ten Rank,
FCC73,Small Turned Eleven Rank,
FCC74,Small Null Rank Rotated 270 Degrees,
FCC75,Small Ace Rank Rotated 270 Degrees,
FCC76,Small Two Rank Rotated 270 Degrees,
FCC77,Small Three Rank Rotated 270 Degrees,
FCC78,Small Four Rank Rotated 270 Degrees,
FCC79,Small Five Rank Rotated 270 Degrees,
FCC7A,Small Six Rank Rotated 270 Degrees,
FCC7B,Small Seven Rank Rotated 270 Degrees,
FCC7C,Small Eight Rank Rotated 270 Degrees,
FCC7D,Small Nine Rank Rotated 270 Degrees,
FCC7E,Small Ten Rank Rotated 270 Degrees,
FCC7F,Small Eleven Rank Rotated 270 Degrees,
FCC80,Small Inverted Black Sun Suit,
FCC81,Small Inverted Black Moon Suit,
FCC82,Small Inverted Black Crown Suit,
FCC83,Small Inverted Black Arm Suit,
FCC84,Small Inverted Black Sun Suit Rotated Ninety Degrees,
FCC85,Small Inverted Black Moon Suit Rotated Ninety Degrees,
FCC86,Small Inverted Black Crown Suit Rotated Ninety Degrees,
FCC87,Small Inverted Black Arm Suit Rotated Ninety Degrees,
FCC88,Small Inverted Black Turned Sun Suit,
FCC89,Small Inverted Black Turned Moon Suit,
FCC8A,Small Inverted Black Turned Crown Suit,
FCC8B,Small Inverted Black Turned Arm Suit,
FCC8C,Small Inverted Black Sun Suit Rotated 270 Degrees,
FCC8D,Small Inverted Black Moon Suit Rotated 270 Degrees,
FCC8E,Small Inverted Black Crown Suit Rotated 270 Degrees,
FCC8F,Small Inverted Black Arm Suit Rotated 270 Degrees,
FCC90,Small Inverted White Sun Suit,
FCC91,Small Inverted White Moon Suit,
FCC92,Small Inverted White Crown Suit,
FCC93,Small Inverted White Arm Suit,
FCC94,Small Inverted White Sun Suit Rotated Ninety Degrees,
FCC95,Small Inverted White Moon Suit Rotated Ninety Degrees,
FCC96,Small Inverted White Crown Suit Rotated Ninety Degrees,
FCC97,Small Inverted White Arm Suit Rotated Ninety Degrees,
FCC98,Small Inverted White Turned Sun Suit,
FCC99,Small Inverted White Turned Moon Suit,
FCC9A,Small Inverted White Turned Crown Suit,
FCC9B,Small Inverted White Turned Arm Suit,
FCC9C,Small Inverted White Sun Suit Rotated 270 Degrees,
FCC9D,Small Inverted White Moon Suit Rotated 270 Degrees,
FCC9E,Small Inverted White Crown Suit Rotated 270 Degrees,
FCC9F,Small Inverted White Arm Suit Rotated 270 Degrees,
FCCA0,Small Inverted Black Heart Suit,
FCCA1,Small Inverted Black Spade Suit,
FCCA2,Small Inverted Black Club Suit,
FCCA3,Small Inverted Black Diamond Suit,
FCCA4,Small Inverted Black Heart Suit Rotated Ninety Degrees,
FCCA5,Small Inverted Black Spade Suit Rotated Ninety Degrees,
FCCA6,Small Inverted Black Club Suit Rotated Ninety Degrees,
FCCA7,Small Inverted Black Diamond Suit Rotated Ninety Degrees,
FCCA8,Small Inverted Black Turned Heart Suit,
FCCA9,Small Inverted Black Turned Spade Suit,
FCCAA,Small Inverted Black Turned Club Suit,
FCCAB,Small Inverted Black Turned Diamond Suit,
FCCAC,Small Inverted Black Heart Suit Rotated 270 Degrees,
FCCAD,Small Inverted Black Spade Suit Rotated 270 Degrees,
FCCAE,Small Inverted Black Club Suit Rotated 270 Degrees,
FCCAF,Small Inverted Black Diamond Suit Rotated 270 Degrees,
FCCB0,Small Inverted White Heart Suit,
FCCB1,Small Inverted White Spade Suit,
FCCB2,Small Inverted White Club Suit,
FCCB3,Small Inverted White Diamond Suit,
FCCB4,Small Inverted White Heart Suit Rotated Ninety Degrees,
FCCB5,Small Inverted White Spade Suit Rotated Ninety Degrees,
FCCB6,Small Inverted White Club Suit Rotated Ninety Degrees,
FCCB7,Small Inverted White Diamond Suit Rotated Ninety Degrees,
FCCB8,Small Inverted White Turned Heart Suit,
FCCB9,Small Inverted White Turned Spade Suit,
FCCBA,Small Inverted White Turned Club Suit,
FCCBB,Small Inverted White Turned Diamond Suit,
FCCBC,Small Inverted White Heart Suit Rotated 270 Degrees,
FCCBD,Small Inverted White Spade Suit Rotated 270 Degrees,
FCCBE,Small Inverted White Club Suit Rotated 270 Degrees,
FCCBF,Small Inverted White Diamond Suit Rotated 270 Degrees,
FCCC0,Small Inverted Summer Suit,
FCCC1,Small Inverted Winter Suit,
FCCC2,Small Inverted Fall Suit,
FCCC3,Small Inverted Spring Suit,
FCCC4,Small Inverted Summer Suit Rotated Ninety Degrees,
FCCC5,Small Inverted Winter Suit Rotated Ninety Degrees,
FCCC6,Small Inverted Fall Suit Rotated Ninety Degrees,
FCCC7,Small Inverted Spring Suit Rotated Ninety Degrees,
FCCC8,Small Inverted Turned Summer Suit,
FCCC9,Small Inverted Turned Winter Suit,
FCCCA,Small Inverted Turned Fall Suit,
FCCCB,Small Inverted Turned Spring Suit,
FCCCC,Small Inverted Summer Suit Rotated 270 Degrees,
FCCCD,Small Inverted Winter Suit Rotated 270 Degrees,
FCCCE,Small Inverted Fall Suit Rotated 270 Degrees,
FCCCF,Small Inverted Spring Suit Rotated 270 Degrees,
FCCD0,Small Inverted Null Rank,
FCCD1,Small Inverted Ace Rank,
FCCD2,Small Inverted Two Rank,
FCCD3,Small Inverted Three Rank,
FCCD4,Small Inverted Four Rank,
FCCD5,Small Inverted Five Rank,
FCCD6,Small Inverted Six Rank,
FCCD7,Small Inverted Seven Rank,
FCCD8,Small Inverted Eight Rank,
FCCD9,Small Inverted Nine Rank,
FCCDA,Small Inverted Ten Rank,
FCCDB,Small Inverted Eleven Rank,
FCCDC,Small Inverted Null Rank Rotated Ninety Degrees,
FCCDD,Small Inverted Ace Rank Rotated Ninety Degrees,
FCCDE,Small Inverted Two Rank Rotated Ninety Degrees,
FCCDF,Small Inverted Three Rank Rotated Ninety Degrees,
FCCE0,Small Inverted Four Rank Rotated Ninety Degrees,
FCCE1,Small Inverted Five Rank Rotated Ninety Degrees,
FCCE2,Small Inverted Six Rank Rotated Ninety Degrees,
FCCE3,Small Inverted Seven Rank Rotated Ninety Degrees,
FCCE4,Small Inverted Eight Rank Rotated Ninety Degrees,
FCCE5,Small Inverted Nine Rank Rotated Ninety Degrees,
FCCE6,Small Inverted Ten Rank Rotated Ninety Degrees,
FCCE7,Small Inverted Eleven Rank Rotated Ninety Degrees,
FCCE8,Small Inverted Turned Null Rank,
FCCE9,Small Inverted Turned Ace Rank,
FCCEA,Small Inverted Turned Two Rank,
FCCEB,Small Inverted Turned Three Rank,
FCCEC,Small Inverted Turned Four Rank,
FCCED,Small Inverted Turned Five Rank,
FCCEE,Small Inverted Turned Six Rank,
FCCEF,Small Inverted Turned Seven Rank,
FCCF0,Small Inverted Turned Eight Rank,
FCCF1,Small Inverted Turned Nine Rank,
FCCF2,Small Inverted Turned Ten Rank,
FCCF3,Small Inverted Turned Eleven Rank,
FCCF4,Small Inverted Null Rank Rotated 270 Degrees,
FCCF5,Small Inverted Ace Rank Rotated 270 Degrees,
FCCF6,Small Inverted Two Rank Rotated 270 Degrees,
FCCF7,Small Inverted Three Rank Rotated 270 Degrees,
FCCF8,Small Inverted Four Rank Rotated 270 Degrees,
FCCF9,Small Inverted Five Rank Rotated 270 Degrees,
FCCFA,Small Inverted Six Rank Rotated 270 Degrees,
FCCFB,Small Inverted Seven Rank Rotated 270 Degrees,
FCCFC,Small Inverted Eight Rank Rotated 270 Degrees,
FCCFD,Small Inverted Nine Rank Rotated 270 Degrees,
FCCFE,Small Inverted Ten Rank Rotated 270 Degrees,
FCCFF,Small Inverted Eleven Rank Rotated 270 Degrees,
FCD00,Cross,
FCD01,Inverted Cross,
FCD20,Combining Directional Mark,
FCD21,Combining Box Drawings Light Up,
FCD22,Combining Box Drawings Heavy Up,
FCD24,Combining Directional Mark Rotated Ninety Degrees,
FCD25,Combining Box Drawings Light Right,
FCD26,Combining Box Drawings Heavy Right,
FCD28,Combining Turned Directional Mark,
FCD29,Combining Box Drawings Light Down,
FCD2A,Combining Box Drawings Heavy Down,
FCD2C,Combining Directional Mark Rotated 270 Degrees,
FCD2D,Combining Box Drawings Light Left,
FCD2E,Combining Box Drawings Heavy Left,
FCD30,Combining Black Sun Suit,
FCD31,Combining Black Moon Suit,
FCD32,Combining Black Crown Suit,
FCD33,Combining Black Arm Suit,
FCD34,Combining Black Sun Suit Rotated Ninety Degrees,
FCD35,Combining Black Moon Suit Rotated Ninety Degrees,
FCD36,Combining Black Crown Suit Rotated Ninety Degrees,
FCD37,Combining Black Arm Suit Rotated Ninety Degrees,
FCD38,Combining Black Turned Sun Suit,
FCD39,Combining Black Turned Moon Suit,
FCD3A,Combining Black Turned Crown Suit,
FCD3B,Combining Black Turned Arm Suit,
FCD3C,Combining Black Sun Suit Rotated 270 Degrees,
FCD3D,Combining Black Moon Suit Rotated 270 Degrees,
FCD3E,Combining Black Crown Suit Rotated 270 Degrees,
FCD3F,Combining Black Arm Suit Rotated 270 Degrees,
FCD40,Combining White Sun Suit,
FCD41,Combining White Moon Suit,
FCD42,Combining White Crown Suit,
FCD43,Combining White Arm Suit,
FCD44,Combining White Sun Suit Rotated Ninety Degrees,
FCD45,Combining White Moon Suit Rotated Ninety Degrees,
FCD46,Combining White Crown Suit Rotated Ninety Degrees,
FCD47,Combining White Arm Suit Rotated Ninety Degrees,
FCD48,Combining White Turned Sun Suit,
FCD49,Combining White Turned Moon Suit,
FCD4A,Combining White Turned Crown Suit,
FCD4B,Combining White Turned Arm Suit,
FCD4C,Combining White Sun Suit Rotated 270 Degrees,
FCD4D,Combining White Moon Suit Rotated 270 Degrees,
FCD4E,Combining White Crown Suit Rotated 270 Degrees,
FCD4F,Combining White Arm Suit Rotated 270 Degrees,
FCD50,Combining Black Heart Suit,
FCD51,Combining Black Spade Suit,
FCD52,Combining Black Club Suit,
FCD53,Combining Black Diamond Suit,
FCD54,Combining Black Heart Suit Rotated Ninety Degrees,
FCD55,Combining Black Spade Suit Rotated Ninety Degrees,
FCD56,Combining Black Club Suit Rotated Ninety Degrees,
FCD57,Combining Black Diamond Suit Rotated Ninety Degrees,
FCD58,Combining Black Turned Heart Suit,
FCD59,Combining Black Turned Spade Suit,
FCD5A,Combining Black Turned Club Suit,
FCD5B,Combining Black Turned Diamond Suit,
FCD5C,Combining Black Heart Suit Rotated 270 Degrees,
FCD5D,Combining Black Spade Suit Rotated 270 Degrees,
FCD5E,Combining Black Club Suit Rotated 270 Degrees,
FCD5F,Combining Black Diamond Suit Rotated 270 Degrees,
FCD60,Combining White Heart Suit,
FCD61,Combining White Spade Suit,
FCD62,Combining White Club Suit,
FCD63,Combining White Diamond Suit,
FCD64,Combining White Heart Suit Rotated Ninety Degrees,
FCD65,Combining White Spade Suit Rotated Ninety Degrees,
FCD66,Combining White Club Suit Rotated Ninety Degrees,
FCD67,Combining White Diamond Suit Rotated Ninety Degrees,
FCD68,Combining White Turned Heart Suit,
FCD69,Combining White Turned Spade Suit,
FCD6A,Combining White Turned Club Suit,
FCD6B,Combining White Turned Diamond Suit,
FCD6C,Combining White Heart Suit Rotated 270 Degrees,
FCD6D,Combining White Spade Suit Rotated 270 Degrees,
FCD6E,Combining White Club Suit Rotated 270 Degrees,
FCD6F,Combining White Diamond Suit Rotated 270 Degrees,
FCD70,Combining Summer Suit,
FCD71,Combining Winter Suit,
FCD72,Combining Fall Suit,
FCD73,Combining Spring Suit,
FCD74,Combining Summer Suit Rotated Ninety Degrees,
FCD75,Combining Winter Suit Rotated Ninety Degrees,
FCD76,Combining Fall Suit Rotated Ninety Degrees,
FCD77,Combining Spring Suit Rotated Ninety Degrees,
FCD78,Combining Turned Summer Suit,
FCD79,Combining Turned Winter Suit,
FCD7A,Combining Turned Fall Suit,
FCD7B,Combining Turned Spring Suit,
FCD7C,Combining Summer Suit Rotated 270 Degrees,
FCD7D,Combining Winter Suit Rotated 270 Degrees,
FCD7E,Combining Fall Suit Rotated 270 Degrees,
FCD7F,Combining Spring Suit Rotated 270 Degrees,
FCD80,Combining Inverted Black Sun Suit,
FCD81,Combining Inverted Black Moon Suit,
FCD82,Combining Inverted Black Crown Suit,
FCD83,Combining Inverted Black Arm Suit,
FCD84,Combining Inverted Black Sun Suit Rotated Ninety Degrees,
FCD85,Combining Inverted Black Moon Suit Rotated Ninety Degrees,
FCD86,Combining Inverted Black Crown Suit Rotated Ninety Degrees,
FCD87,Combining Inverted Black Arm Suit Rotated Ninety Degrees,
FCD88,Combining Inverted Black Turned Sun Suit,
FCD89,Combining Inverted Black Turned Moon Suit,
FCD8A,Combining Inverted Black Turned Crown Suit,
FCD8B,Combining Inverted Black Turned Arm Suit,
FCD8C,Combining Inverted Black Sun Suit Rotated 270 Degrees,
FCD8D,Combining Inverted Black Moon Suit Rotated 270 Degrees,
FCD8E,Combining Inverted Black Crown Suit Rotated 270 Degrees,
FCD8F,Combining Inverted Black Arm Suit Rotated 270 Degrees,
FCD90,Combining Inverted White Sun Suit,
FCD91,Combining Inverted White Moon Suit,
FCD92,Combining Inverted White Crown Suit,
FCD93,Combining Inverted White Arm Suit,
FCD94,Combining Inverted White Sun Suit Rotated Ninety Degrees,
FCD95,Combining Inverted White Moon Suit Rotated Ninety Degrees,
FCD96,Combining Inverted White Crown Suit Rotated Ninety Degrees,
FCD97,Combining Inverted White Arm Suit Rotated Ninety Degrees,
FCD98,Combining Inverted White Turned Sun Suit,
FCD99,Combining Inverted White Turned Moon Suit,
FCD9A,Combining Inverted White Turned Crown Suit,
FCD9B,Combining Inverted White Turned Arm Suit,
FCD9C,Combining Inverted White Sun Suit Rotated 270 Degrees,
FCD9D,Combining Inverted White Moon Suit Rotated 270 Degrees,
FCD9E,Combining Inverted White Crown Suit Rotated 270 Degrees,
FCD9F,Combining Inverted White Arm Suit Rotated 270 Degrees,
FCDA0,Combining Inverted Black Heart Suit,
FCDA1,Combining Inverted Black Spade Suit,
FCDA2,Combining Inverted Black Club Suit,
FCDA3,Combining Inverted Black Diamond Suit,
FCDA4,Combining Inverted Black Heart Suit Rotated Ninety Degrees,
FCDA5,Combining Inverted Black Spade Suit Rotated Ninety Degrees,
FCDA6,Combining Inverted Black Club Suit Rotated Ninety Degrees,
FCDA7,Combining Inverted Black Diamond Suit Rotated Ninety Degrees,
FCDA8,Combining Inverted Black Turned Heart Suit,
FCDA9,Combining Inverted Black Turned Spade Suit,
FCDAA,Combining Inverted Black Turned Club Suit,
FCDAB,Combining Inverted Black Turned Diamond Suit,
FCDAC,Combining Inverted Black Heart Suit Rotated 270 Degrees,
FCDAD,Combining Inverted Black Spade Suit Rotated 270 Degrees,
FCDAE,Combining Inverted Black Club Suit Rotated 270 Degrees,
FCDAF,Combining Inverted Black Diamond Suit Rotated 270 Degrees,
FCDB0,Combining Inverted White Heart Suit,
FCDB1,Combining Inverted White Spade Suit,
FCDB2,Combining Inverted White Club Suit,
FCDB3,Combining Inverted White Diamond Suit,
FCDB4,Combining Inverted White Heart Suit Rotated Ninety Degrees,
FCDB5,Combining Inverted White Spade Suit Rotated Ninety Degrees,
FCDB6,Combining Inverted White Club Suit Rotated Ninety Degrees,
FCDB7,Combining Inverted White Diamond Suit Rotated Ninety Degrees,
FCDB8,Combining Inverted White Turned Heart Suit,
FCDB9,Combining Inverted White Turned Spade Suit,
FCDBA,Combining Inverted White Turned Club Suit,
FCDBB,Combining Inverted White Turned Diamond Suit,
FCDBC,Combining Inverted White Heart Suit Rotated 270 Degrees,
FCDBD,Combining Inverted White Spade Suit Rotated 270 Degrees,
FCDBE,Combining Inverted White Club Suit Rotated 270 Degrees,
FCDBF,Combining Inverted White Diamond Suit Rotated 270 Degrees,
FCDC0,Combining Inverted Summer Suit,
FCDC1,Combining Inverted Winter Suit,
FCDC2,Combining Inverted Fall Suit,
FCDC3,Combining Inverted Spring Suit,
FCDC4,Combining Inverted Summer Suit Rotated Ninety Degrees,
FCDC5,Combining Inverted Winter Suit Rotated Ninety Degrees,
FCDC6,Combining Inverted Fall Suit Rotated Ninety Degrees,
FCDC7,Combining Inverted Spring Suit Rotated Ninety Degrees,
FCDC8,Combining Inverted Turned Summer Suit,
FCDC9,Combining Inverted Turned Winter Suit,
FCDCA,Combining Inverted Turned Fall Suit,
FCDCB,Combining Inverted Turned Spring Suit,
FCDCC,Combining Inverted Summer Suit Rotated 270 Degrees,
FCDCD,Combining Inverted Winter Suit Rotated 270 Degrees,
FCDCE,Combining Inverted Fall Suit Rotated 270 Degrees,
FCDCF,Combining Inverted Spring Suit Rotated 270 Degrees,
FCDD0,Combining Enclosing Tile,
FCDD1,Combining Enclosing Coin,
FCDD2,Combining Enclosing Die,
FCDD3,Combining Enclosing Pawn Saucer,
FCDD4,Combining Enclosing Circle Inverted Background,
FCDD8,Combining Enclosing Small Tile,
FCDD9,Combining Enclosing Small Coin,
FCDDA,Combining Enclosing Small Die,
FCDDB,Combining Enclosing Small Pawn Saucer,
FCDE0,Combining Enclosing Pawn,
FCDE1,Combining Enclosing Small Pawn,
FCDE2,Combining Enclosing Pawn Inverted Background,
FCDE4,Combining Enclosing Pawn Rotated Ninety Degrees,
FCDE5,Combining Enclosing Small Pawn Rotated Ninety Degrees,
FCDE6,Combining Enclosing Pawn Inverted Background Rotated Ninety Degrees,
FCDE8,Combining Enclosing Turned Pawn,
FCDE9,Combining Enclosing Small Turned Pawn,
FCDEA,Combining Enclosing Turned Pawn Inverted Background,
FCDEC,Combining Enclosing Pawn Rotated 270 Degrees,
FCDED,Combining Enclosing Small Pawn Rotated 270 Degrees,
FCDEE,Combining Enclosing Pawn Inverted Background Rotated 270 Degrees,
FCDF0,Combining Enclosing Inverted Tile Interior,
FCDF1,Combining Enclosing Inverted Coin Interior,
FCDF2,Combining Enclosing Inverted Die Interior,
FCDF3,Combining Enclosing Inverted Pawn Interior,
FCDF4,Combining Enclosing Inverted Tile Interior Rotated Ninety Degrees,
FCDF5,Combining Enclosing Inverted Coin Interior Rotated Ninety Degrees,
FCDF6,Combining Enclosing Inverted Die Interior Rotated Ninety Degrees,
FCDF7,Combining Enclosing Inverted Pawn Interior Rotated Ninety Degrees,
FCDF8,Combining Enclosing Inverted Turned Tile Interior,
FCDF9,Combining Enclosing Inverted Turned Coin Interior,
FCDFA,Combining Enclosing Inverted Turned Die Interior,
FCDFB,Combining Enclosing Inverted Turned Pawn Interior,
FCDFC,Combining Enclosing Inverted Tile Interior Rotated 270 Degrees,
FCDFD,Combining Enclosing Inverted Coin Interior Rotated 270 Degrees,
FCDFE,Combining Enclosing Inverted Die Interior Rotated 270 Degrees,
FCDFF,Combining Enclosing Inverted Pawn Interior Rotated 270 Degrees,
FCE00,Combining Enclosing Black Sun Suit Die,
FCE01,Combining Enclosing Black Moon Suit Die,
FCE02,Combining Enclosing Black Crown Suit Die,
FCE03,Combining Enclosing Black Arm Suit Die,
FCE04,Combining Enclosing Black Sun Suit Die Rotated Ninety Degrees,
FCE05,Combining Enclosing Black Moon Suit Die Rotated Ninety Degrees,
FCE06,Combining Enclosing Black Crown Suit Die Rotated Ninety Degrees,
FCE07,Combining Enclosing Black Arm Suit Die Rotated Ninety Degrees,
FCE08,Combining Enclosing Black Turned Sun Suit Die,
FCE09,Combining Enclosing Black Turned Moon Suit Die,
FCE0A,Combining Enclosing Black Turned Crown Suit Die,
FCE0B,Combining Enclosing Black Turned Arm Suit Die,
FCE0C,Combining Enclosing Black Sun Suit Die Rotated 270 Degrees,
FCE0D,Combining Enclosing Black Moon Suit Die Rotated 270 Degrees,
FCE0E,Combining Enclosing Black Crown Suit Die Rotated 270 Degrees,
FCE0F,Combining Enclosing Black Arm Suit Die Rotated 270 Degrees,
FCE10,Combining Enclosing White Sun Suit Die,
FCE11,Combining Enclosing White Moon Suit Die,
FCE12,Combining Enclosing White Crown Suit Die,
FCE13,Combining Enclosing White Arm Suit Die,
FCE14,Combining Enclosing White Sun Suit Die Rotated Ninety Degrees,
FCE15,Combining Enclosing White Moon Suit Die Rotated Ninety Degrees,
FCE16,Combining Enclosing White Crown Suit Die Rotated Ninety Degrees,
FCE17,Combining Enclosing White Arm Suit Die Rotated Ninety Degrees,
FCE18,Combining Enclosing White Turned Sun Suit Die,
FCE19,Combining Enclosing White Turned Moon Suit Die,
FCE1A,Combining Enclosing White Turned Crown Suit Die,
FCE1B,Combining Enclosing White Turned Arm Suit Die,
FCE1C,Combining Enclosing White Sun Suit Die Rotated 270 Degrees,
FCE1D,Combining Enclosing White Moon Suit Die Rotated 270 Degrees,
FCE1E,Combining Enclosing White Crown Suit Die Rotated 270 Degrees,
FCE1F,Combining Enclosing White Arm Suit Die Rotated 270 Degrees,
FCE20,Combining Enclosing Black Heart Suit Die,
FCE21,Combining Enclosing Black Spade Suit Die,
FCE22,Combining Enclosing Black Club Suit Die,
FCE23,Combining Enclosing Black Diamond Suit Die,
FCE24,Combining Enclosing Black Heart Suit Die Rotated Ninety Degrees,
FCE25,Combining Enclosing Black Spade Suit Die Rotated Ninety Degrees,
FCE26,Combining Enclosing Black Club Suit Die Rotated Ninety Degrees,
FCE27,Combining Enclosing Black Diamond Suit Die Rotated Ninety Degrees,
FCE28,Combining Enclosing Black Turned Heart Suit Die,
FCE29,Combining Enclosing Black Turned Spade Suit Die,
FCE2A,Combining Enclosing Black Turned Club Suit Die,
FCE2B,Combining Enclosing Black Turned Diamond Suit Die,
FCE2C,Combining Enclosing Black Heart Suit Die Rotated 270 Degrees,
FCE2D,Combining Enclosing Black Spade Suit Die Rotated 270 Degrees,
FCE2E,Combining Enclosing Black Club Suit Die Rotated 270 Degrees,
FCE2F,Combining Enclosing Black Diamond Suit Die Rotated 270 Degrees,
FCE30,Combining Enclosing White Heart Suit Die,
FCE31,Combining Enclosing White Spade Suit Die,
FCE32,Combining Enclosing White Club Suit Die,
FCE33,Combining Enclosing White Diamond Suit Die,
FCE34,Combining Enclosing White Heart Suit Die Rotated Ninety Degrees,
FCE35,Combining Enclosing White Spade Suit Die Rotated Ninety Degrees,
FCE36,Combining Enclosing White Club Suit Die Rotated Ninety Degrees,
FCE37,Combining Enclosing White Diamond Suit Die Rotated Ninety Degrees,
FCE38,Combining Enclosing White Turned Heart Suit Die,
FCE39,Combining Enclosing White Turned Spade Suit Die,
FCE3A,Combining Enclosing White Turned Club Suit Die,
FCE3B,Combining Enclosing White Turned Diamond Suit Die,
FCE3C,Combining Enclosing White Heart Suit Die Rotated 270 Degrees,
FCE3D,Combining Enclosing White Spade Suit Die Rotated 270 Degrees,
FCE3E,Combining Enclosing White Club Suit Die Rotated 270 Degrees,
FCE3F,Combining Enclosing White Diamond Suit Die Rotated 270 Degrees,
FCE40,Combining Enclosing Summer Suit Die,
FCE41,Combining Enclosing Winter Suit Die,
FCE42,Combining Enclosing Fall Suit Die,
FCE43,Combining Enclosing Spring Suit Die,
FCE44,Combining Enclosing Summer Suit Die Rotated Ninety Degrees,
FCE45,Combining Enclosing Winter Suit Die Rotated Ninety Degrees,
FCE46,Combining Enclosing Fall Suit Die Rotated Ninety Degrees,
FCE47,Combining Enclosing Spring Suit Die Rotated Ninety Degrees,
FCE48,Combining Enclosing Turned Summer Suit Die,
FCE49,Combining Enclosing Turned Winter Suit Die,
FCE4A,Combining Enclosing Turned Fall Suit Die,
FCE4B,Combining Enclosing Turned Spring Suit Die,
FCE4C,Combining Enclosing Summer Suit Die Rotated 270 Degrees,
FCE4D,Combining Enclosing Winter Suit Die Rotated 270 Degrees,
FCE4E,Combining Enclosing Fall Suit Die Rotated 270 Degrees,
FCE4F,Combining Enclosing Spring Suit Die Rotated 270 Degrees,
FCE50,Combining Enclosing Coin With Directional Mark,
FCE51,Combining Enclosing Pawn Saucer With Directional Mark,
FCE52,Combining Enclosing Small Coin With Directional Mark,
FCE53,Combining Enclosing Small Pawn Saucer With Directional Mark,
FCE54,Combining Enclosing Coin With Directional Mark  Rotated Ninety Degrees,
FCE55,Combining Enclosing Pawn Saucer With Directional Mark Rotated Ninety Degrees,
FCE56,Combining Enclosing Small Coin With Directional Rotated Ninety Degrees,
FCE57,Combining Enclosing Small Pawn Saucer With Directional Mark Rotated Ninety Degrees,
FCE58,Combining Enclosing Turned Coin With Directional Mark,
FCE59,Combining Enclosing Turned Pawn Saucer With Directional Mark,
FCE5A,Combining Enclosing Turned Small Coin With Directional Mark,
FCE5B,Combining Enclosing Turned Small Pawn Saucer With Directional Mark,
FCE5C,Combining Enclosing Coin With Directional Mark Rotated 270 Degrees,
FCE5D,Combining Enclosing Pawn Saucer With Directional Mark Rotated 270 Degrees,
FCE5E,Combining Enclosing Small Coin With Directional Rotated 270 Degrees,
FCE5F,Combining Enclosing Small Pawn Saucer With Directional Mark Rotated 270 Degrees,
FCE60,Combining Enclosing Coin With Directional Mark and Black Background,
FCE61,Combining Enclosing Pawn With Directional Mark and Black Background,
FCE64,Combining Enclosing Coin With Directional Mark and Black Background Rotated Ninety Degrees,
FCE65,Combining Enclosing Pawn With Directional Mark and Black Background Rotated Ninety Degrees,
FCE68,Combining Enclosing Turned Coin With Directional Mark and Black Background,
FCE69,Combining Enclosing Turned Pawn With Directional Mark and Black Background,
FCE6C,Combining Enclosing Coin With Directional Mark and Black Background Rotated 270 Degrees,
FCE6D,Combining Enclosing Pawn With Directional Mark and Black Background Rotated 270 Degrees,
FCE70,Combining Enclosing Inverted Black Sun Suit Die,
FCE71,Combining Enclosing Inverted Black Moon Suit Die,
FCE72,Combining Enclosing Inverted Black Crown Suit Die,
FCE73,Combining Enclosing Inverted Black Arm Suit Die,
FCE74,Combining Enclosing Inverted Black Sun Suit Die Rotated Ninety Degrees,
FCE75,Combining Enclosing Inverted Black Moon Suit Die Rotated Ninety Degrees,
FCE76,Combining Enclosing Inverted Black Crown Suit Die Rotated Ninety Degrees,
FCE77,Combining Enclosing Inverted Black Arm Suit Die Rotated Ninety Degrees,
FCE78,Combining Enclosing Inverted Black Turned Sun Suit Die,
FCE79,Combining Enclosing Inverted Black Turned Moon Suit Die,
FCE7A,Combining Enclosing Inverted Black Turned Crown Suit Die,
FCE7B,Combining Enclosing Inverted Black Turned Arm Suit Die,
FCE7C,Combining Enclosing Inverted Black Sun Suit Die Rotated 270 Degrees,
FCE7D,Combining Enclosing Inverted Black Moon Suit Die Rotated 270 Degrees,
FCE7E,Combining Enclosing Inverted Black Crown Suit Die Rotated 270 Degrees,
FCE7F,Combining Enclosing Inverted Black Arm Suit Die Rotated 270 Degrees,
FCE80,Combining Enclosing Inverted White Sun Suit Die,
FCE81,Combining Enclosing Inverted White Moon Suit Die,
FCE82,Combining Enclosing Inverted White Crown Suit Die,
FCE83,Combining Enclosing Inverted White Arm Suit Die,
FCE84,Combining Enclosing Inverted White Sun Suit Die Rotated Ninety Degrees,
FCE85,Combining Enclosing Inverted White Moon Suit Die Rotated Ninety Degrees,
FCE86,Combining Enclosing Inverted White Crown Suit Die Rotated Ninety Degrees,
FCE87,Combining Enclosing Inverted White Arm Suit Die Rotated Ninety Degrees,
FCE88,Combining Enclosing Inverted White Turned Sun Suit Die,
FCE89,Combining Enclosing Inverted White Turned Moon Suit Die,
FCE8A,Combining Enclosing Inverted White Turned Crown Suit Die,
FCE8B,Combining Enclosing Inverted White Turned Arm Suit Die,
FCE8C,Combining Enclosing Inverted White Sun Suit Die Rotated 270 Degrees,
FCE8D,Combining Enclosing Inverted White Moon Suit Die Rotated 270 Degrees,
FCE8E,Combining Enclosing Inverted White Crown Suit Die Rotated 270 Degrees,
FCE8F,Combining Enclosing Inverted White Arm Suit Die Rotated 270 Degrees,
FCE90,Combining Enclosing Inverted Black Heart Suit Die,
FCE91,Combining Enclosing Inverted Black Spade Suit Die,
FCE92,Combining Enclosing Inverted Black Club Suit Die,
FCE93,Combining Enclosing Inverted Black Diamond Suit Die,
FCE94,Combining Enclosing Inverted Black Heart Suit Die Rotated Ninety Degrees,
FCE95,Combining Enclosing Inverted Black Spade Suit Die Rotated Ninety Degrees,
FCE96,Combining Enclosing Inverted Black Club Suit Die Rotated Ninety Degrees,
FCE97,Combining Enclosing Inverted Black Diamond Suit Die Rotated Ninety Degrees,
FCE98,Combining Enclosing Inverted Black Turned Heart Suit Die,
FCE99,Combining Enclosing Inverted Black Turned Spade Suit Die,
FCE9A,Combining Enclosing Inverted Black Turned Club Suit Die,
FCE9B,Combining Enclosing Inverted Black Turned Diamond Suit Die,
FCE9C,Combining Enclosing Inverted Black Heart Suit Die Rotated 270 Degrees,
FCE9D,Combining Enclosing Inverted Black Spade Suit Die Rotated 270 Degrees,
FCE9E,Combining Enclosing Inverted Black Club Suit Die Rotated 270 Degrees,
FCE9F,Combining Enclosing Inverted Black Diamond Suit Die Rotated 270 Degrees,
FCEA0,Combining Enclosing Inverted White Heart Suit Die,
FCEA1,Combining Enclosing Inverted White Spade Suit Die,
FCEA2,Combining Enclosing Inverted White Club Suit Die,
FCEA3,Combining Enclosing Inverted White Diamond Suit Die,
FCEA4,Combining Enclosing Inverted White Heart Suit Die Rotated Ninety Degrees,
FCEA5,Combining Enclosing Inverted White Spade Suit Die Rotated Ninety Degrees,
FCEA6,Combining Enclosing Inverted White Club Suit Die Rotated Ninety Degrees,
FCEA7,Combining Enclosing Inverted White Diamond Suit Die Rotated Ninety Degrees,
FCEA8,Combining Enclosing Inverted White Turned Heart Suit Die,
FCEA9,Combining Enclosing Inverted White Turned Spade Suit Die,
FCEAA,Combining Enclosing Inverted White Turned Club Suit Die,
FCEAB,Combining Enclosing Inverted White Turned Diamond Suit Die,
FCEAC,Combining Enclosing Inverted White Heart Suit Die Rotated 270 Degrees,
FCEAD,Combining Enclosing Inverted White Spade Suit Die Rotated 270 Degrees,
FCEAE,Combining Enclosing Inverted White Club Suit Die Rotated 270 Degrees,
FCEAF,Combining Enclosing Inverted White Diamond Suit Die Rotated 270 Degrees,
FCEB0,Combining Enclosing Inverted Summer Suit Die,
FCEB1,Combining Enclosing Inverted Winter Suit Die,
FCEB2,Combining Enclosing Inverted Fall Suit Die,
FCEB3,Combining Enclosing Inverted Spring Suit Die,
FCEB4,Combining Enclosing Inverted Summer Suit Die Rotated Ninety Degrees,
FCEB5,Combining Enclosing Inverted Winter Suit Die Rotated Ninety Degrees,
FCEB6,Combining Enclosing Inverted Fall Suit Die Rotated Ninety Degrees,
FCEB7,Combining Enclosing Inverted Spring Suit Die Rotated Ninety Degrees,
FCEB8,Combining Enclosing Inverted Turned Summer Suit Die,
FCEB9,Combining Enclosing Inverted Turned Winter Suit Die,
FCEBA,Combining Enclosing Inverted Turned Fall Suit Die,
FCEBB,Combining Enclosing Inverted Turned Spring Suit Die,
FCEBC,Combining Enclosing Inverted Summer Suit Die Rotated 270 Degrees,
FCEBD,Combining Enclosing Inverted Winter Suit Die Rotated 270 Degrees,
FCEBE,Combining Enclosing Inverted Fall Suit Die Rotated 270 Degrees,
FCEBF,Combining Enclosing Inverted Spring Suit Die Rotated 270 Degrees,
FCEC0,Combining Enclosing Inverted Coin With Border,
FCEC1,Combining Enclosing Inverted Die With Border,
FCEC2,Combining Enclosing Inverted Pawn With Border,
FCEC4,Combining Enclosing Inverted Coin With Border Rotated Ninety Degrees,
FCEC5,Combining Enclosing Inverted Die With Border Rotated Ninety Degrees,
FCEC6,Combining Enclosing Inverted Pawn With Border Rotated Ninety Degrees,
FCEC8,Combining Enclosing Inverted Turned Coin With Border,
FCEC9,Combining Enclosing Inverted Turned Die With Border,
FCECA,Combining Enclosing Inverted Turned Pawn With Border,
FCECC,Combining Enclosing Inverted Coin With Border Rotated 270 Degrees,
FCECD,Combining Enclosing Inverted Die With Border Rotated 270 Degrees,
FCECE,Combining Enclosing Inverted Pawn With Border Rotated 270 Degrees,
FCED0,Combining Enclosing Inverted Coin With Directional Mark and Black Background,
FCED1,Combining Enclosing Inverted Pawn With Directional Mark and Black Background,
FCED4,Combining Enclosing Inverted Coin With Directional Mark and Black Background Rotated Ninety Degrees,
FCED5,Combining Enclosing Inverted Pawn With Directional Mark and Black Background Rotated Ninety Degrees,
FCED8,Combining Enclosing Inverted Turned Coin With Directional Mark and Black Background,
FCED9,Combining Enclosing Inverted Turned Pawn With Directional Mark and Black Background,
FCEDC,Combining Enclosing Inverted Coin With Directional Mark and Black Background Rotated 270 Degrees,
FCEDD,Combining Enclosing Inverted Pawn With Directional Mark and Black Background Rotated 270 Degrees,
FCEE0,Null Coin Face,
FCEE1,Ace Coin Face,
FCEE2,Two Coin Face,
FCEE3,Three Coin Face,
FCEE4,Four Coin Face,
FCEE5,Five Coin Face,
FCEEC,Tile Back,
FCEED,Pawn Saucer Back,
FCEF0,Inverted Null Coin Face,
FCEF1,Inverted Ace Coin Face,
FCEF2,Inverted Two Coin Face,
FCEF3,Inverted Three Coin Face,
FCEF4,Inverted Four Coin Face,
FCEF5,Inverted Five Coin Face,
FCEFC,Inverted Tile Back,
FCF00,Black Sun Null Tile Face,
FCF01,Black Sun Ace Tile Face,
FCF02,Black Sun Two Tile Face,
FCF03,Black Sun Three Tile Face,
FCF04,Black Sun Four Tile Face,
FCF05,Black Sun Five Tile Face,
FCF06,Black Sun Null Die Face,
FCF07,Black Sun Ace Die Face,
FCF08,Black Sun Two Die Face,
FCF09,Black Sun Three Die Face,
FCF0A,Black Sun Four Die Face,
FCF0B,Black Sun Five Die Face,
FCF0C,Black Sun Coin Back,
FCF0D,Black Sun Pawn,
FCF0E,Black Sun Pawn Saucer Face,
FCF0F,Inverted Black Sun Coin Back,
FCF10,Black Moon Null Tile Face,
FCF11,Black Moon Ace Tile Face,
FCF12,Black Moon Two Tile Face,
FCF13,Black Moon Three Tile Face,
FCF14,Black Moon Four Tile Face,
FCF15,Black Moon Five Tile Face,
FCF16,Black Moon Null Die Face,
FCF17,Black Moon Ace Die Face,
FCF18,Black Moon Two Die Face,
FCF19,Black Moon Three Die Face,
FCF1A,Black Moon Four Die Face,
FCF1B,Black Moon Five Die Face,
FCF1C,Black Moon Coin Back,
FCF1D,Black Moon Pawn,
FCF1E,Black Moon Pawn Saucer Face,
FCF1F,Inverted Black Moon Coin Back,
FCF20,Black Crown Null Tile Face,
FCF21,Black Crown Ace Tile Face,
FCF22,Black Crown Two Tile Face,
FCF23,Black Crown Three Tile Face,
FCF24,Black Crown Four Tile Face,
FCF25,Black Crown Five Tile Face,
FCF26,Black Crown Null Die Face,
FCF27,Black Crown Ace Die Face,
FCF28,Black Crown Two Die Face,
FCF29,Black Crown Three Die Face,
FCF2A,Black Crown Four Die Face,
FCF2B,Black Crown Five Die Face,
FCF2C,Black Crown Coin Back,
FCF2D,Black Crown Pawn,
FCF2E,Black Crown Pawn Saucer Face,
FCF2F,Inverted Black Crown Coin Back,
FCF30,Black Arm Null Tile Face,
FCF31,Black Arm Ace Tile Face,
FCF32,Black Arm Two Tile Face,
FCF33,Black Arm Three Tile Face,
FCF34,Black Arm Four Tile Face,
FCF35,Black Arm Five Tile Face,
FCF36,Black Arm Null Die Face,
FCF37,Black Arm Ace Die Face,
FCF38,Black Arm Two Die Face,
FCF39,Black Arm Three Die Face,
FCF3A,Black Arm Four Die Face,
FCF3B,Black Arm Five Die Face,
FCF3C,Black Arm Coin Back,
FCF3D,Black Arm Pawn,
FCF3E,Black Arm Pawn Saucer Face,
FCF3F,Inverted Black Arm Coin Back,
FCF40,Black Heart Null Tile Face,
FCF41,Black Heart Ace Tile Face,
FCF42,Black Heart Two Tile Face,
FCF43,Black Heart Three Tile Face,
FCF44,Black Heart Four Tile Face,
FCF45,Black Heart Five Tile Face,
FCF46,Black Heart Null Die Face,
FCF47,Black Heart Ace Die Face,
FCF48,Black Heart Two Die Face,
FCF49,Black Heart Three Die Face,
FCF4A,Black Heart Four Die Face,
FCF4B,Black Heart Five Die Face,
FCF4C,Black Heart Coin Back,
FCF4D,Black Heart Pawn,
FCF4E,Black Heart Pawn Saucer Face,
FCF4F,Inverted Black Heart Coin Back,
FCF50,Black Spade Null Tile Face,
FCF51,Black Spade Ace Tile Face,
FCF52,Black Spade Two Tile Face,
FCF53,Black Spade Three Tile Face,
FCF54,Black Spade Four Tile Face,
FCF55,Black Spade Five Tile Face,
FCF56,Black Spade Null Die Face,
FCF57,Black Spade Ace Die Face,
FCF58,Black Spade Two Die Face,
FCF59,Black Spade Three Die Face,
FCF5A,Black Spade Four Die Face,
FCF5B,Black Spade Five Die Face,
FCF5C,Black Spade Coin Back,
FCF5D,Black Spade Pawn,
FCF5E,Black Spade Pawn Saucer Face,
FCF5F,Inverted Black Spade Coin Back,
FCF60,Black Club Null Tile Face,
FCF61,Black Club Ace Tile Face,
FCF62,Black Club Two Tile Face,
FCF63,Black Club Three Tile Face,
FCF64,Black Club Four Tile Face,
FCF65,Black Club Five Tile Face,
FCF66,Black Club Null Die Face,
FCF67,Black Club Ace Die Face,
FCF68,Black Club Two Die Face,
FCF69,Black Club Three Die Face,
FCF6A,Black Club Four Die Face,
FCF6B,Black Club Five Die Face,
FCF6C,Black Club Coin Back,
FCF6D,Black Club Pawn,
FCF6E,Black Club Pawn Saucer Face,
FCF6F,Inverted Black Club Coin Back,
FCF70,Black Diamond Null Tile Face,
FCF71,Black Diamond Ace Tile Face,
FCF72,Black Diamond Two Tile Face,
FCF73,Black Diamond Three Tile Face,
FCF74,Black Diamond Four Tile Face,
FCF75,Black Diamond Five Tile Face,
FCF76,Black Diamond Null Die Face,
FCF77,Black Diamond Ace Die Face,
FCF78,Black Diamond Two Die Face,
FCF79,Black Diamond Three Die Face,
FCF7A,Black Diamond Four Die Face,
FCF7B,Black Diamond Five Die Face,
FCF7C,Black Diamond Coin Back,
FCF7D,Black Diamond Pawn,
FCF7E,Black Diamond Pawn Saucer Face,
FCF7F,Inverted Black Diamond Coin Back,
FCF80,White Heart Null Tile Face,
FCF81,White Heart Ace Tile Face,
FCF82,White Heart Two Tile Face,
FCF83,White Heart Three Tile Face,
FCF84,White Heart Four Tile Face,
FCF85,White Heart Five Tile Face,
FCF86,White Heart Null Die Face,
FCF87,White Heart Ace Die Face,
FCF88,White Heart Two Die Face,
FCF89,White Heart Three Die Face,
FCF8A,White Heart Four Die Face,
FCF8B,White Heart Five Die Face,
FCF8C,White Heart Coin Back,
FCF8D,White Heart Pawn,
FCF8E,White Heart Pawn Saucer Face,
FCF8F,Inverted White Heart Coin Back,
FCF90,White Spade Null Tile Face,
FCF91,White Spade Ace Tile Face,
FCF92,White Spade Two Tile Face,
FCF93,White Spade Three Tile Face,
FCF94,White Spade Four Tile Face,
FCF95,White Spade Five Tile Face,
FCF96,White Spade Null Die Face,
FCF97,White Spade Ace Die Face,
FCF98,White Spade Two Die Face,
FCF99,White Spade Three Die Face,
FCF9A,White Spade Four Die Face,
FCF9B,White Spade Five Die Face,
FCF9C,White Spade Coin Back,
FCF9D,White Spade Pawn,
FCF9E,White Spade Pawn Saucer Face,
FCF9F,Inverted White Spade Coin Back,
FCFA0,White Club Null Tile Face,
FCFA1,White Club Ace Tile Face,
FCFA2,White Club Two Tile Face,
FCFA3,White Club Three Tile Face,
FCFA4,White Club Four Tile Face,
FCFA5,White Club Five Tile Face,
FCFA6,White Club Null Die Face,
FCFA7,White Club Ace Die Face,
FCFA8,White Club Two Die Face,
FCFA9,White Club Three Die Face,
FCFAA,White Club Four Die Face,
FCFAB,White Club Five Die Face,
FCFAC,White Club Coin Back,
FCFAD,White Club Pawn,
FCFAE,White Club Pawn Saucer Face,
FCFAF,Inverted White Club Coin Back,
FCFB0,White Diamond Null Tile Face,
FCFB1,White Diamond Ace Tile Face,
FCFB2,White Diamond Two Tile Face,
FCFB3,White Diamond Three Tile Face,
FCFB4,White Diamond Four Tile Face,
FCFB5,White Diamond Five Tile Face,
FCFB6,White Diamond Null Die Face,
FCFB7,White Diamond Ace Die Face,
FCFB8,White Diamond Two Die Face,
FCFB9,White Diamond Three Die Face,
FCFBA,White Diamond Four Die Face,
FCFBB,White Diamond Five Die Face,
FCFBC,White Diamond Coin Back,
FCFBD,White Diamond Pawn,
FCFBE,White Diamond Pawn Saucer Face,
FCFBF,Inverted White Diamond Coin Back,
FCFC0,Summer Null Tile Face,
FCFC1,Summer Ace Tile Face,
FCFC2,Summer Two Tile Face,
FCFC3,Summer Three Tile Face,
FCFC4,Summer Four Tile Face,
FCFC5,Summer Five Tile Face,
FCFC6,Summer Null Die Face,
FCFC7,Summer Ace Die Face,
FCFC8,Summer Two Die Face,
FCFC9,Summer Three Die Face,
FCFCA,Summer Four Die Face,
FCFCB,Summer Five Die Face,
FCFCC,Summer Coin Back,
FCFCD,Summer Pawn,
FCFCE,Summer Pawn Saucer Face,
FCFCF,Inverted Summer Coin Back,
FCFD0,Winter Spade Null Tile Face,
FCFD1,Winter Spade Ace Tile Face,
FCFD2,Winter Spade Two Tile Face,
FCFD3,Winter Spade Three Tile Face,
FCFD4,Winter Spade Four Tile Face,
FCFD5,Winter Spade Five Tile Face,
FCFD6,Winter Spade Null Die Face,
FCFD7,Winter Spade Ace Die Face,
FCFD8,Winter Spade Two Die Face,
FCFD9,Winter Spade Three Die Face,
FCFDA,Winter Spade Four Die Face,
FCFDB,Winter Spade Five Die Face,
FCFDC,Winter Spade Coin Back,
FCFDD,Winter Spade Pawn,
FCFDE,Winter Spade Pawn Saucer Face,
FCFDF,Inverted Winter Spade Coin Back,
FCFE0,Fall Null Tile Face,
FCFE1,Fall Ace Tile Face,
FCFE2,Fall Two Tile Face,
FCFE3,Fall Three Tile Face,
FCFE4,Fall Four Tile Face,
FCFE5,Fall Five Tile Face,
FCFE6,Fall Null Die Face,
FCFE7,Fall Ace Die Face,
FCFE8,Fall Two Die Face,
FCFE9,Fall Three Die Face,
FCFEA,Fall Four Die Face,
FCFEB,Fall Five Die Face,
FCFEC,Fall Coin Back,
FCFED,Fall Pawn,
FCFEE,Fall Pawn Saucer Face,
FCFEF,Inverted Fall Coin Back,
FCFF0,Spring Null Tile Face,
FCFF1,Spring Ace Tile Face,
FCFF2,Spring Two Tile Face,
FCFF3,Spring Three Tile Face,
FCFF4,Spring Four Tile Face,
FCFF5,Spring Five Tile Face,
FCFF6,Spring Null Die Face,
FCFF7,Spring Ace Die Face,
FCFF8,Spring Two Die Face,
FCFF9,Spring Three Die Face,
FCFFA,Spring Four Die Face,
FCFFB,Spring Five Die Face,
FCFFC,Spring Coin Back,
FCFFD,Spring Pawn,
FCFFE,Spring Pawn Saucer Face,
FCFFF,Inverted Spring Coin Back,
FDD00,,
FDD01,,
FDD02,,
FDD03,,
FDD04,,
FDD05,,
FDD06,,
FDD07,,
FDD08,,
FDD09,,
FDD0A,,
FDD0B,,
FDD0C,,
FDD0D,,
FDD0E,,
FDD0F,,
FDD10,,
FDD11,,
FDD12,,
FDD13,,
FDD14,,
FDD15,,
FDD16,,
FDD17,,
FDD18,,
FDD19,,
FDD1A,,
FDD1B,,
FDD1C,,
FDD1D,,
FDD1E,,
FDD1F,,
FDD20,,
FDD21,,
FDD22,,
FDD23,,
FDD24,,
FDD25,,
FDD26,,
FDD27,,
FDD28,,
FDD29,,
FDD2A,,
FDD2B,,
FDD2C,,
FDD2D,,
FDD2E,,
FDD2F,,
FDD30,,
FDD31,,
FDD32,,
FDD33,,
FDD34,,
FDD35,,
FDD36,,
FDD37,,
FDD38,,
FDD39,,
FDD3A,,
FDD3B,,
FDD3C,,
FDD3D,,
FDD3E,,
FDD3F,,
FDD40,,
FDD41,,
FDD42,,
FDD43,,
FDD44,,
FDD45,,
FDD46,,
FDD47,,
FDD48,,
FDD49,,
FDD4A,,
FDD4B,,
FDD4C,,
FDD4D,,
FDD4E,,
FDD4F,,
FDD50,,
FDD51,,
FDD52,,
FDD53,,
FDD54,,
FDD55,,
FDD56,,
FDD57,,
FDD58,,
FDD59,,
FDD5A,,
FDD5B,,
FDD5C,,
FDD5D,,
FDD5E,,
FDD5F,,
FDD60,,
FDD61,,
FDD62,,
FDD63,,
FDD64,,
FDD65,,
FDD66,,
FDD67,,
FDD68,,
FDD69,,
FDD6A,,
FDD6B,,
FDD6C,,
FDD6D,,
FDD6E,,
FDD6F,,
FDD70,,
FDD71,,
FDD72,,
FDD73,,
FDD74,,
FDD75,,
FDD76,,
FDD77,,
FDD78,,
FDD79,,
FDD7A,,
FDD7B,,
FDD7C,,
FDD7D,,
FDD7E,,
FDD7F,,
FDD80,,
FDD81,,
FDD82,,
FDD83,,
FDD84,,
FDD85,,
FDD86,,
FDD87,,
FDD88,,
FDD89,,
FDD8A,,
FDD8B,,
FDD8C,,
FDD8D,,
FDD8E,,
FDD8F,,
FDD90,,
FDD91,,
FDD92,,
FDD93,,
FDD94,,
FDD95,,
FDD96,,
FDD97,,
FDD98,,
FDD99,,
FDD9A,,
FDD9B,,
FDD9C,,
FDD9D,,
FDD9E,,
FDD9F,,
FDDA0,,
FDDA1,,
FDDA2,,
FDDA3,,
FDDA4,,
FDDA5,,
FDDA6,,
FDDA7,,
FDDA8,,
FDDA9,,
FDDAA,,
FDDAB,,
FDDAC,,
FDDAD,,
FDDAE,,
FDDAF,,
FDDB0,,
FDDB1,,
FDDB2,,
FDDB3,,
FDDB4,,
FDDB5,,
FDDB6,,
FDDB7,,
FDDB8,,
FDDB9,,
FDDBA,,
FDDBB,,
